{
  "format_version": "1.12",
  "minecraft:recipe_shaped": {
    "description": {
    "identifier": "minecraft:golden_rail"
    },

    
    "tags": [ "crafting_table" ],
    "pattern": [
      "X X",
      "X#X",
      "XRX"
    ],
    "key": {
      "R": {
        "item": "minecraft:redstone"
      },
      "#": {
        "item": "minecraft:stick"
      },
      "X": {
        "item": "minecraft:gold_ingot"
      }
    },
    "result": {
      "item": "minecraft:golden_rail",
      "count": 6
    }
  }
}
