{
  "format_version": "1.12",
  "minecraft:recipe_shaped": {
    "description": {
    "identifier": "minecraft:green_stained_glass"
    },

    
    "tags": [ "crafting_table" ],
    "group": "stained_glass",
    "pattern": [
      "###",
      "#X#",
      "###"
    ],
    "key": {
      "#": {
        "item": "minecraft:glass"
      },
      "X": {
        "item": "minecraft:dye",
        "data": 2
      }
    },
    "result": {
      "item": "minecraft:stained_glass",
      "data": 13,
      "count": 8
    }
  }
}
