{
  "format_version": "1.12",
  "minecraft:recipe_shapeless": {
    "description": {
    "identifier": "minecraft:light_gray_dye"
    },

    
    "tags": [ "crafting_table" ],
    "group": "light_gray_dye",
    "priority": 3,
    "ingredients": [
      {
        "item": "minecraft:dye",
        "data": 16
      },
      {
        "item": "minecraft:dye",
        "data": 19
      },
      {
        "item": "minecraft:dye",
        "data": 19
      }
    ],
    "result": {
      "item": "minecraft:dye",
      "data": 7,
      "count": 3
    }
  }
}
