{
  "format_version": "1.12",
  "minecraft:recipe_shapeless": {
    "description": {
    "identifier": "minecraft:pink_concrete_powder"
    },

    
    "tags": [ "crafting_table" ],
    "group": "concrete_powder",
    "ingredients": [
      {
        "item": "minecraft:dye",
        "data": 9
      },
      {
        "item": "minecraft:sand",
        "data": 0
      },
      {
        "item": "minecraft:sand",
        "data": 0
      },
      {
        "item": "minecraft:sand",
        "data": 0
      },
      {
        "item": "minecraft:sand",
        "data": 0
      },
      {
        "item": "minecraft:gravel"
      },
      {
        "item": "minecraft:gravel"
      },
      {
        "item": "minecraft:gravel"
      },
      {
        "item": "minecraft:gravel"
      }
    ],
    "result": {
      "item": "minecraft:concrete_powder",
      "data": 6,
      "count": 8
    }
  }
}
